<?xml version="1.0" encoding="UTF-8"?>
<mxGraphModel dx="1426" dy="744" grid="1" gridSize="10" guides="1" tooltips="1" connect="1" arrows="1" fold="1" page="1" pageScale="1" pageWidth="850" pageHeight="1100" background="#ffffff" math="0" shadow="0"><root><mxCell id="0"/><mxCell id="1" parent="0"/><mxCell id="11" style="edgeStyle=orthogonalEdgeStyle;rounded=0;html=1;entryX=0.5;entryY=0;jettySize=auto;orthogonalLoop=1;" edge="1" parent="1" source="2" target="3"><mxGeometry relative="1" as="geometry"/></mxCell><mxCell id="2" value="Start" style="ellipse;whiteSpace=wrap;html=1;" vertex="1" parent="1"><mxGeometry x="365" y="10" width="120" height="80" as="geometry"/></mxCell><mxCell id="12" style="edgeStyle=orthogonalEdgeStyle;rounded=0;html=1;entryX=0.5;entryY=0;jettySize=auto;orthogonalLoop=1;" edge="1" parent="1" source="3" target="4"><mxGeometry relative="1" as="geometry"/></mxCell><mxCell id="3" value="Get workshop" style="shape=parallelogram;perimeter=parallelogramPerimeter;whiteSpace=wrap;html=1;" vertex="1" parent="1"><mxGeometry x="365" y="130" width="120" height="60" as="geometry"/></mxCell><mxCell id="14" style="edgeStyle=orthogonalEdgeStyle;rounded=0;html=1;entryX=0.5;entryY=0;jettySize=auto;orthogonalLoop=1;" edge="1" parent="1" source="4" target="6"><mxGeometry relative="1" as="geometry"/></mxCell><mxCell id="4" value="Get location" style="shape=parallelogram;perimeter=parallelogramPerimeter;whiteSpace=wrap;html=1;" vertex="1" parent="1"><mxGeometry x="365" y="220" width="120" height="60" as="geometry"/></mxCell><mxCell id="15" style="edgeStyle=orthogonalEdgeStyle;rounded=0;html=1;entryX=0.5;entryY=0;jettySize=auto;orthogonalLoop=1;" edge="1" parent="1" source="6" target="7"><mxGeometry relative="1" as="geometry"/></mxCell><mxCell id="6" value="Calculate lodging" style="shape=parallelogram;perimeter=parallelogramPerimeter;whiteSpace=wrap;html=1;" vertex="1" parent="1"><mxGeometry x="365" y="310" width="120" height="60" as="geometry"/></mxCell><mxCell id="16" style="edgeStyle=orthogonalEdgeStyle;rounded=0;html=1;entryX=0.5;entryY=0;jettySize=auto;orthogonalLoop=1;" edge="1" parent="1" source="7" target="8"><mxGeometry relative="1" as="geometry"/></mxCell><mxCell id="7" value="Calculate registration" style="shape=parallelogram;perimeter=parallelogramPerimeter;whiteSpace=wrap;html=1;" vertex="1" parent="1"><mxGeometry x="365" y="400" width="120" height="60" as="geometry"/></mxCell><mxCell id="17" style="edgeStyle=orthogonalEdgeStyle;rounded=0;html=1;entryX=0.5;entryY=0;jettySize=auto;orthogonalLoop=1;" edge="1" parent="1" source="8" target="9"><mxGeometry relative="1" as="geometry"/></mxCell><mxCell id="8" value="calculate total" style="shape=parallelogram;perimeter=parallelogramPerimeter;whiteSpace=wrap;html=1;" vertex="1" parent="1"><mxGeometry x="365" y="490" width="120" height="60" as="geometry"/></mxCell><mxCell id="18" style="edgeStyle=orthogonalEdgeStyle;rounded=0;html=1;entryX=0.5;entryY=0;jettySize=auto;orthogonalLoop=1;" edge="1" parent="1" source="9" target="10"><mxGeometry relative="1" as="geometry"/></mxCell><mxCell id="9" value="display results" style="shape=parallelogram;perimeter=parallelogramPerimeter;whiteSpace=wrap;html=1;" vertex="1" parent="1"><mxGeometry x="365" y="580" width="120" height="60" as="geometry"/></mxCell><mxCell id="10" value="Stop" style="ellipse;whiteSpace=wrap;html=1;" vertex="1" parent="1"><mxGeometry x="365" y="670" width="120" height="80" as="geometry"/></mxCell></root></mxGraphModel>